{"cameraMode":{"drawMode":0,"name":"Shaded","section":"Shading Mode"},"sceneLighting":false,"audioPlay":false,"sceneViewState":{"showFog":false,"showMaterialUpdate":true,"showSkybox":false,"showFlares":true,"showImageEffects":true,"showParticleSystems":true},"in2DMode":false,"pivot":{"x":6.360000133514404,"y":2.3299999237060549,"z":11.710000038146973},"rotation":{"x":-0.21139633655548097,"y":0.014019785448908806,"z":-0.0033242858480662109,"w":-0.9774351119995117},"size":1.7684739828109742,"orthographic":false}