{"cameraMode":{"drawMode":0,"name":"Shaded","section":"Shading Mode"},"sceneLighting":true,"audioPlay":false,"sceneViewState":{"showFog":false,"showMaterialUpdate":true,"showSkybox":true,"showFlares":true,"showImageEffects":true,"showParticleSystems":true},"in2DMode":false,"pivot":{"x":-54.76931381225586,"y":4.393238067626953,"z":16.463191986083986},"rotation":{"x":-0.047031454741954806,"y":-0.38998764753341677,"z":0.019689276814460756,"w":-0.9195671677589417},"size":34.63029861450195,"orthographic":false}